{
    "accuracy": 0.9623318385650225,
    "precision": 0.9917355371900827,
    "recall": 0.7453416149068323,
    "f1_score": 0.851063829787234
}